# {"problem_type":"classification","split_var_ranges":{"Petal.Width":{"min":0.1,"max":2.5},"Sepal.Length":{"min":4.3,"max":7.9},"Petal.Length":{"min":1,"max":6.9},"Sepal.Width":{"min":2,"max":4.4}}}
"left daughter","right daughter","split var","split point","status","prediction","tree_idx","node_idx"
2,3,"Petal.Width",0.8,1,NA,1,1
0,0,NA,0,-1,"setosa",1,2
4,5,"Petal.Width",1.65,1,NA,1,3
6,7,"Petal.Width",1.35,1,NA,1,4
8,9,"Sepal.Length",6.050000000000001,1,NA,1,5
0,0,NA,0,-1,"versicolor",1,6
10,11,"Petal.Length",4.95,1,NA,1,7
12,13,"Petal.Length",4.85,1,NA,1,8
0,0,NA,0,-1,"virginica",1,9
0,0,NA,0,-1,"versicolor",1,10
0,0,NA,0,-1,"virginica",1,11
14,15,"Sepal.Length",5.4,1,NA,1,12
0,0,NA,0,-1,"virginica",1,13
0,0,NA,0,-1,"virginica",1,14
0,0,NA,0,-1,"versicolor",1,15
2,3,"Petal.Width",0.75,1,NA,2,1
0,0,NA,0,-1,"setosa",2,2
4,5,"Petal.Length",4.95,1,NA,2,3
6,7,"Petal.Length",4.800000000000001,1,NA,2,4
8,9,"Sepal.Length",6.6,1,NA,2,5
10,11,"Petal.Width",1.6,1,NA,2,6
12,13,"Petal.Width",1.65,1,NA,2,7
0,0,NA,0,-1,"virginica",2,8
14,15,"Petal.Width",1.75,1,NA,2,9
0,0,NA,0,-1,"versicolor",2,10
0,0,NA,0,-1,"virginica",2,11
0,0,NA,0,-1,"versicolor",2,12
0,0,NA,0,-1,"virginica",2,13
16,17,"Petal.Length",5.4,1,NA,2,14
0,0,NA,0,-1,"virginica",2,15
0,0,NA,0,-1,"versicolor",2,16
0,0,NA,0,-1,"virginica",2,17
2,3,"Petal.Width",0.8,1,NA,3,1
0,0,NA,0,-1,"setosa",3,2
4,5,"Petal.Length",4.85,1,NA,3,3
6,7,"Petal.Width",1.7000000000000002,1,NA,3,4
8,9,"Petal.Width",1.75,1,NA,3,5
0,0,NA,0,-1,"versicolor",3,6
10,11,"Sepal.Width",3.1,1,NA,3,7
12,13,"Petal.Length",4.95,1,NA,3,8
0,0,NA,0,-1,"virginica",3,9
0,0,NA,0,-1,"virginica",3,10
0,0,NA,0,-1,"versicolor",3,11
0,0,NA,0,-1,"versicolor",3,12
14,15,"Petal.Width",1.55,1,NA,3,13
0,0,NA,0,-1,"virginica",3,14
16,17,"Sepal.Width",2.85,1,NA,3,15
0,0,NA,0,-1,"versicolor",3,16
18,19,"Sepal.Length",6.95,1,NA,3,17
0,0,NA,0,-1,"versicolor",3,18
0,0,NA,0,-1,"virginica",3,19
2,3,"Sepal.Length",5.45,1,NA,4,1
4,5,"Petal.Width",0.8,1,NA,4,2
6,7,"Petal.Width",1.75,1,NA,4,3
0,0,NA,0,-1,"setosa",4,4
0,0,NA,0,-1,"versicolor",4,5
8,9,"Sepal.Width",3.45,1,NA,4,6
0,0,NA,0,-1,"virginica",4,7
10,11,"Petal.Length",5.449999999999999,1,NA,4,8
0,0,NA,0,-1,"setosa",4,9
0,0,NA,0,-1,"versicolor",4,10
0,0,NA,0,-1,"virginica",4,11
2,3,"Petal.Length",2.45,1,NA,5,1
0,0,NA,0,-1,"setosa",5,2
4,5,"Petal.Width",1.65,1,NA,5,3
6,7,"Sepal.Length",7.1,1,NA,5,4
8,9,"Petal.Length",5.05,1,NA,5,5
10,11,"Petal.Width",1.35,1,NA,5,6
0,0,NA,0,-1,"virginica",5,7
12,13,"Sepal.Width",3.1,1,NA,5,8
0,0,NA,0,-1,"virginica",5,9
0,0,NA,0,-1,"versicolor",5,10
14,15,"Petal.Length",4.95,1,NA,5,11
16,17,"Petal.Length",4.95,1,NA,5,12
0,0,NA,0,-1,"versicolor",5,13
0,0,NA,0,-1,"versicolor",5,14
18,19,"Sepal.Length",6.05,1,NA,5,15
0,0,NA,0,-1,"virginica",5,16
20,21,"Sepal.Width",2.75,1,NA,5,17
22,23,"Sepal.Width",2.45,1,NA,5,18
0,0,NA,0,-1,"virginica",5,19
0,0,NA,0,-1,"virginica",5,20
0,0,NA,0,-1,"versicolor",5,21
0,0,NA,0,-1,"virginica",5,22
0,0,NA,0,-1,"versicolor",5,23
2,3,"Sepal.Length",5.45,1,NA,6,1
4,5,"Petal.Length",2.5999999999999996,1,NA,6,2
6,7,"Petal.Length",4.75,1,NA,6,3
0,0,NA,0,-1,"setosa",6,4
8,9,"Sepal.Length",4.95,1,NA,6,5
10,11,"Petal.Width",0.65,1,NA,6,6
12,13,"Petal.Width",1.7000000000000002,1,NA,6,7
0,0,NA,0,-1,"virginica",6,8
0,0,NA,0,-1,"versicolor",6,9
0,0,NA,0,-1,"setosa",6,10
0,0,NA,0,-1,"versicolor",6,11
14,15,"Petal.Width",1.45,1,NA,6,12
16,17,"Petal.Length",4.85,1,NA,6,13
0,0,NA,0,-1,"virginica",6,14
18,19,"Sepal.Width",2.35,1,NA,6,15
20,21,"Sepal.Length",5.95,1,NA,6,16
0,0,NA,0,-1,"virginica",6,17
0,0,NA,0,-1,"virginica",6,18
22,23,"Sepal.Width",2.85,1,NA,6,19
0,0,NA,0,-1,"versicolor",6,20
0,0,NA,0,-1,"virginica",6,21
0,0,NA,0,-1,"versicolor",6,22
0,0,NA,0,-1,"virginica",6,23
2,3,"Petal.Width",1.65,1,NA,7,1
4,5,"Petal.Width",0.7,1,NA,7,2
6,7,"Petal.Length",4.85,1,NA,7,3
0,0,NA,0,-1,"setosa",7,4
8,9,"Petal.Length",5,1,NA,7,5
10,11,"Sepal.Length",5.4,1,NA,7,6
0,0,NA,0,-1,"virginica",7,7
0,0,NA,0,-1,"versicolor",7,8
12,13,"Petal.Width",1.55,1,NA,7,9
0,0,NA,0,-1,"virginica",7,10
0,0,NA,0,-1,"versicolor",7,11
0,0,NA,0,-1,"virginica",7,12
0,0,NA,0,-1,"versicolor",7,13
2,3,"Petal.Width",0.8,1,NA,8,1
0,0,NA,0,-1,"setosa",8,2
4,5,"Sepal.Length",6.25,1,NA,8,3
6,7,"Petal.Length",4.75,1,NA,8,4
8,9,"Petal.Width",1.55,1,NA,8,5
0,0,NA,0,-1,"versicolor",8,6
10,11,"Petal.Width",1.7000000000000002,1,NA,8,7
0,0,NA,0,-1,"versicolor",8,8
12,13,"Petal.Length",5.05,1,NA,8,9
14,15,"Petal.Width",1.55,1,NA,8,10
0,0,NA,0,-1,"virginica",8,11
16,17,"Petal.Width",1.75,1,NA,8,12
0,0,NA,0,-1,"virginica",8,13
0,0,NA,0,-1,"virginica",8,14
0,0,NA,0,-1,"versicolor",8,15
0,0,NA,0,-1,"versicolor",8,16
0,0,NA,0,-1,"virginica",8,17
2,3,"Petal.Length",2.5999999999999996,1,NA,9,1
0,0,NA,0,-1,"setosa",9,2
4,5,"Petal.Width",1.65,1,NA,9,3
6,7,"Petal.Length",4.95,1,NA,9,4
0,0,NA,0,-1,"virginica",9,5
0,0,NA,0,-1,"versicolor",9,6
8,9,"Petal.Width",1.55,1,NA,9,7
0,0,NA,0,-1,"virginica",9,8
10,11,"Sepal.Width",2.85,1,NA,9,9
0,0,NA,0,-1,"versicolor",9,10
0,0,NA,0,-1,"virginica",9,11
2,3,"Petal.Length",4.75,1,NA,10,1
4,5,"Sepal.Length",5.45,1,NA,10,2
6,7,"Petal.Length",4.95,1,NA,10,3
8,9,"Petal.Width",0.8,1,NA,10,4
0,0,NA,0,-1,"versicolor",10,5
10,11,"Petal.Width",1.65,1,NA,10,6
0,0,NA,0,-1,"virginica",10,7
0,0,NA,0,-1,"setosa",10,8
0,0,NA,0,-1,"versicolor",10,9
0,0,NA,0,-1,"versicolor",10,10
12,13,"Sepal.Width",3.1,1,NA,10,11
0,0,NA,0,-1,"virginica",10,12
0,0,NA,0,-1,"versicolor",10,13
2,3,"Petal.Width",0.8,1,NA,11,1
0,0,NA,0,-1,"setosa",11,2
4,5,"Sepal.Length",6.25,1,NA,11,3
6,7,"Petal.Length",4.75,1,NA,11,4
8,9,"Petal.Length",5.05,1,NA,11,5
0,0,NA,0,-1,"versicolor",11,6
10,11,"Petal.Length",4.85,1,NA,11,7
12,13,"Sepal.Length",6.35,1,NA,11,8
0,0,NA,0,-1,"virginica",11,9
14,15,"Sepal.Width",3.1,1,NA,11,10
0,0,NA,0,-1,"virginica",11,11
16,17,"Petal.Length",4.95,1,NA,11,12
0,0,NA,0,-1,"versicolor",11,13
0,0,NA,0,-1,"virginica",11,14
0,0,NA,0,-1,"versicolor",11,15
0,0,NA,0,-1,"versicolor",11,16
0,0,NA,0,-1,"virginica",11,17
2,3,"Petal.Width",0.8,1,NA,12,1
0,0,NA,0,-1,"setosa",12,2
4,5,"Petal.Length",4.75,1,NA,12,3
6,7,"Petal.Width",1.65,1,NA,12,4
8,9,"Petal.Width",1.75,1,NA,12,5
0,0,NA,0,-1,"versicolor",12,6
0,0,NA,0,-1,"virginica",12,7
10,11,"Sepal.Length",6.5,1,NA,12,8
0,0,NA,0,-1,"virginica",12,9
0,0,NA,0,-1,"virginica",12,10
0,0,NA,0,-1,"versicolor",12,11
2,3,"Petal.Width",1.65,1,NA,13,1
4,5,"Petal.Width",0.8,1,NA,13,2
0,0,NA,0,-1,"virginica",13,3
0,0,NA,0,-1,"setosa",13,4
6,7,"Sepal.Width",2.25,1,NA,13,5
8,9,"Petal.Length",4.25,1,NA,13,6
0,0,NA,0,-1,"versicolor",13,7
0,0,NA,0,-1,"versicolor",13,8
0,0,NA,0,-1,"virginica",13,9
2,3,"Petal.Width",0.8,1,NA,14,1
0,0,NA,0,-1,"setosa",14,2
4,5,"Sepal.Length",5.95,1,NA,14,3
6,7,"Petal.Width",1.85,1,NA,14,4
8,9,"Petal.Width",1.75,1,NA,14,5
0,0,NA,0,-1,"versicolor",14,6
0,0,NA,0,-1,"virginica",14,7
10,11,"Sepal.Width",2.6500000000000004,1,NA,14,8
0,0,NA,0,-1,"virginica",14,9
12,13,"Sepal.Length",6.15,1,NA,14,10
14,15,"Petal.Length",5.05,1,NA,14,11
0,0,NA,0,-1,"virginica",14,12
0,0,NA,0,-1,"versicolor",14,13
0,0,NA,0,-1,"versicolor",14,14
16,17,"Sepal.Length",6.15,1,NA,14,15
0,0,NA,0,-1,"versicolor",14,16
0,0,NA,0,-1,"virginica",14,17
2,3,"Petal.Width",0.75,1,NA,15,1
0,0,NA,0,-1,"setosa",15,2
4,5,"Petal.Width",1.75,1,NA,15,3
6,7,"Petal.Width",1.55,1,NA,15,4
8,9,"Petal.Length",4.9,1,NA,15,5
0,0,NA,0,-1,"versicolor",15,6
10,11,"Petal.Length",5.449999999999999,1,NA,15,7
0,0,NA,0,-1,"virginica",15,8
0,0,NA,0,-1,"virginica",15,9
0,0,NA,0,-1,"versicolor",15,10
0,0,NA,0,-1,"virginica",15,11
2,3,"Petal.Length",2.5999999999999996,1,NA,16,1
0,0,NA,0,-1,"setosa",16,2
4,5,"Petal.Width",1.65,1,NA,16,3
6,7,"Petal.Length",5,1,NA,16,4
8,9,"Petal.Length",5.05,1,NA,16,5
0,0,NA,0,-1,"versicolor",16,6
0,0,NA,0,-1,"virginica",16,7
10,11,"Sepal.Width",3.1,1,NA,16,8
0,0,NA,0,-1,"virginica",16,9
12,13,"Sepal.Length",6.5,1,NA,16,10
0,0,NA,0,-1,"versicolor",16,11
0,0,NA,0,-1,"virginica",16,12
0,0,NA,0,-1,"versicolor",16,13
2,3,"Petal.Length",2.45,1,NA,17,1
0,0,NA,0,-1,"setosa",17,2
4,5,"Sepal.Length",6.15,1,NA,17,3
6,7,"Sepal.Length",5.65,1,NA,17,4
8,9,"Petal.Length",5.05,1,NA,17,5
0,0,NA,0,-1,"versicolor",17,6
10,11,"Petal.Width",1.7000000000000002,1,NA,17,7
12,13,"Sepal.Length",6.35,1,NA,17,8
0,0,NA,0,-1,"virginica",17,9
14,15,"Petal.Length",5.35,1,NA,17,10
0,0,NA,0,-1,"virginica",17,11
16,17,"Petal.Width",1.7000000000000002,1,NA,17,12
0,0,NA,0,-1,"versicolor",17,13
0,0,NA,0,-1,"versicolor",17,14
0,0,NA,0,-1,"virginica",17,15
0,0,NA,0,-1,"versicolor",17,16
0,0,NA,0,-1,"virginica",17,17
2,3,"Petal.Width",0.8,1,NA,18,1
0,0,NA,0,-1,"setosa",18,2
4,5,"Petal.Width",1.75,1,NA,18,3
6,7,"Sepal.Length",4.95,1,NA,18,4
8,9,"Petal.Length",4.85,1,NA,18,5
0,0,NA,0,-1,"virginica",18,6
10,11,"Petal.Length",4.9,1,NA,18,7
12,13,"Sepal.Length",5.95,1,NA,18,8
0,0,NA,0,-1,"virginica",18,9
0,0,NA,0,-1,"versicolor",18,10
14,15,"Sepal.Width",2.45,1,NA,18,11
0,0,NA,0,-1,"versicolor",18,12
0,0,NA,0,-1,"virginica",18,13
0,0,NA,0,-1,"virginica",18,14
16,17,"Petal.Width",1.55,1,NA,18,15
0,0,NA,0,-1,"virginica",18,16
18,19,"Petal.Length",5.449999999999999,1,NA,18,17
0,0,NA,0,-1,"versicolor",18,18
0,0,NA,0,-1,"virginica",18,19
2,3,"Petal.Width",1.75,1,NA,19,1
4,5,"Petal.Length",2.45,1,NA,19,2
0,0,NA,0,-1,"virginica",19,3
0,0,NA,0,-1,"setosa",19,4
6,7,"Sepal.Length",6.25,1,NA,19,5
0,0,NA,0,-1,"versicolor",19,6
8,9,"Sepal.Length",6.449999999999999,1,NA,19,7
10,11,"Petal.Length",4.9,1,NA,19,8
0,0,NA,0,-1,"versicolor",19,9
0,0,NA,0,-1,"versicolor",19,10
0,0,NA,0,-1,"virginica",19,11
2,3,"Petal.Width",0.8,1,NA,20,1
0,0,NA,0,-1,"setosa",20,2
4,5,"Petal.Width",1.55,1,NA,20,3
6,7,"Petal.Length",4.95,1,NA,20,4
8,9,"Sepal.Length",6,1,NA,20,5
0,0,NA,0,-1,"versicolor",20,6
0,0,NA,0,-1,"virginica",20,7
10,11,"Petal.Length",4.85,1,NA,20,8
0,0,NA,0,-1,"virginica",20,9
0,0,NA,0,-1,"versicolor",20,10
0,0,NA,0,-1,"virginica",20,11
2,3,"Sepal.Length",5.45,1,NA,21,1
4,5,"Petal.Width",0.8,1,NA,21,2
6,7,"Petal.Width",1.75,1,NA,21,3
0,0,NA,0,-1,"setosa",21,4
8,9,"Petal.Length",4.2,1,NA,21,5
10,11,"Petal.Length",4.95,1,NA,21,6
12,13,"Sepal.Width",3.1500000000000004,1,NA,21,7
0,0,NA,0,-1,"versicolor",21,8
14,15,"Sepal.Width",2.75,1,NA,21,9
16,17,"Petal.Length",2.6,1,NA,21,10
18,19,"Sepal.Length",6.5,1,NA,21,11
0,0,NA,0,-1,"virginica",21,12
20,21,"Sepal.Length",6.1,1,NA,21,13
0,0,NA,0,-1,"virginica",21,14
0,0,NA,0,-1,"versicolor",21,15
0,0,NA,0,-1,"setosa",21,16
0,0,NA,0,-1,"versicolor",21,17
22,23,"Sepal.Length",6.05,1,NA,21,18
0,0,NA,0,-1,"versicolor",21,19
0,0,NA,0,-1,"versicolor",21,20
0,0,NA,0,-1,"virginica",21,21
24,25,"Petal.Length",5.05,1,NA,21,22
0,0,NA,0,-1,"virginica",21,23
0,0,NA,0,-1,"virginica",21,24
0,0,NA,0,-1,"versicolor",21,25
2,3,"Petal.Length",2.5999999999999996,1,NA,22,1
0,0,NA,0,-1,"setosa",22,2
4,5,"Sepal.Length",6.25,1,NA,22,3
6,7,"Sepal.Length",5.75,1,NA,22,4
8,9,"Sepal.Length",7.05,1,NA,22,5
10,11,"Petal.Width",1.6,1,NA,22,6
12,13,"Sepal.Length",5.85,1,NA,22,7
14,15,"Petal.Length",5.05,1,NA,22,8
0,0,NA,0,-1,"virginica",22,9
0,0,NA,0,-1,"versicolor",22,10
0,0,NA,0,-1,"virginica",22,11
16,17,"Petal.Width",1.5499999999999998,1,NA,22,12
18,19,"Petal.Length",4.85,1,NA,22,13
20,21,"Petal.Width",1.7999999999999998,1,NA,22,14
0,0,NA,0,-1,"virginica",22,15
0,0,NA,0,-1,"versicolor",22,16
0,0,NA,0,-1,"virginica",22,17
22,23,"Petal.Length",4.75,1,NA,22,18
24,25,"Sepal.Length",6.05,1,NA,22,19
0,0,NA,0,-1,"versicolor",22,20
0,0,NA,0,-1,"virginica",22,21
0,0,NA,0,-1,"versicolor",22,22
0,0,NA,0,-1,"versicolor",22,23
26,27,"Sepal.Width",2.45,1,NA,22,24
0,0,NA,0,-1,"virginica",22,25
0,0,NA,0,-1,"virginica",22,26
28,29,"Petal.Width",1.7000000000000002,1,NA,22,27
0,0,NA,0,-1,"versicolor",22,28
0,0,NA,0,-1,"virginica",22,29
2,3,"Petal.Width",0.75,1,NA,23,1
0,0,NA,0,-1,"setosa",23,2
4,5,"Sepal.Length",5.75,1,NA,23,3
0,0,NA,0,-1,"versicolor",23,4
6,7,"Sepal.Length",6.15,1,NA,23,5
8,9,"Petal.Width",1.7000000000000002,1,NA,23,6
10,11,"Sepal.Length",7.05,1,NA,23,7
12,13,"Sepal.Width",2.6500000000000004,1,NA,23,8
0,0,NA,0,-1,"virginica",23,9
14,15,"Petal.Length",4.75,1,NA,23,10
0,0,NA,0,-1,"virginica",23,11
16,17,"Petal.Length",4.5,1,NA,23,12
0,0,NA,0,-1,"versicolor",23,13
0,0,NA,0,-1,"versicolor",23,14
18,19,"Sepal.Width",2.6,1,NA,23,15
0,0,NA,0,-1,"versicolor",23,16
0,0,NA,0,-1,"virginica",23,17
20,21,"Petal.Width",1.65,1,NA,23,18
0,0,NA,0,-1,"virginica",23,19
0,0,NA,0,-1,"versicolor",23,20
0,0,NA,0,-1,"virginica",23,21
2,3,"Petal.Width",0.8,1,NA,24,1
0,0,NA,0,-1,"setosa",24,2
4,5,"Sepal.Length",6.05,1,NA,24,3
6,7,"Petal.Width",1.7000000000000002,1,NA,24,4
8,9,"Petal.Length",4.85,1,NA,24,5
10,11,"Petal.Length",4.75,1,NA,24,6
12,13,"Petal.Length",4.85,1,NA,24,7
14,15,"Petal.Length",4.75,1,NA,24,8
16,17,"Petal.Length",4.95,1,NA,24,9
0,0,NA,0,-1,"versicolor",24,10
18,19,"Petal.Width",1.55,1,NA,24,11
0,0,NA,0,-1,"versicolor",24,12
0,0,NA,0,-1,"virginica",24,13
0,0,NA,0,-1,"versicolor",24,14
20,21,"Sepal.Length",6.5,1,NA,24,15
22,23,"Sepal.Width",2.6,1,NA,24,16
0,0,NA,0,-1,"virginica",24,17
0,0,NA,0,-1,"virginica",24,18
0,0,NA,0,-1,"versicolor",24,19
0,0,NA,0,-1,"virginica",24,20
0,0,NA,0,-1,"versicolor",24,21
0,0,NA,0,-1,"versicolor",24,22
0,0,NA,0,-1,"virginica",24,23
2,3,"Petal.Width",0.75,1,NA,25,1
0,0,NA,0,-1,"setosa",25,2
4,5,"Petal.Width",1.75,1,NA,25,3
6,7,"Sepal.Length",5.050000000000001,1,NA,25,4
0,0,NA,0,-1,"virginica",25,5
0,0,NA,0,-1,"virginica",25,6
8,9,"Sepal.Length",7.050000000000001,1,NA,25,7
10,11,"Sepal.Width",2.25,1,NA,25,8
0,0,NA,0,-1,"virginica",25,9
0,0,NA,0,-1,"versicolor",25,10
12,13,"Petal.Length",5.3,1,NA,25,11
0,0,NA,0,-1,"versicolor",25,12
0,0,NA,0,-1,"virginica",25,13
2,3,"Petal.Width",0.75,1,NA,26,1
0,0,NA,0,-1,"setosa",26,2
4,5,"Petal.Width",1.75,1,NA,26,3
6,7,"Petal.Length",5.05,1,NA,26,4
0,0,NA,0,-1,"virginica",26,5
0,0,NA,0,-1,"versicolor",26,6
8,9,"Petal.Width",1.55,1,NA,26,7
0,0,NA,0,-1,"virginica",26,8
10,11,"Sepal.Width",2.85,1,NA,26,9
0,0,NA,0,-1,"versicolor",26,10
0,0,NA,0,-1,"virginica",26,11
2,3,"Sepal.Length",5.55,1,NA,27,1
4,5,"Sepal.Width",2.85,1,NA,27,2
6,7,"Petal.Length",4.95,1,NA,27,3
8,9,"Sepal.Length",4.7,1,NA,27,4
0,0,NA,0,-1,"setosa",27,5
10,11,"Sepal.Width",3.5999999999999996,1,NA,27,6
12,13,"Sepal.Length",6.75,1,NA,27,7
0,0,NA,0,-1,"setosa",27,8
0,0,NA,0,-1,"versicolor",27,9
14,15,"Petal.Length",4.75,1,NA,27,10
0,0,NA,0,-1,"setosa",27,11
16,17,"Sepal.Length",6.6,1,NA,27,12
0,0,NA,0,-1,"virginica",27,13
0,0,NA,0,-1,"versicolor",27,14
18,19,"Petal.Length",4.85,1,NA,27,15
20,21,"Sepal.Length",6.1,1,NA,27,16
22,23,"Sepal.Width",2.75,1,NA,27,17
0,0,NA,0,-1,"virginica",27,18
0,0,NA,0,-1,"versicolor",27,19
24,25,"Sepal.Length",5.95,1,NA,27,20
0,0,NA,0,-1,"virginica",27,21
0,0,NA,0,-1,"virginica",27,22
26,27,"Petal.Width",1.9,1,NA,27,23
0,0,NA,0,-1,"virginica",27,24
28,29,"Sepal.Width",2.45,1,NA,27,25
0,0,NA,0,-1,"versicolor",27,26
0,0,NA,0,-1,"virginica",27,27
0,0,NA,0,-1,"virginica",27,28
0,0,NA,0,-1,"versicolor",27,29
2,3,"Petal.Width",0.75,1,NA,28,1
0,0,NA,0,-1,"setosa",28,2
4,5,"Petal.Width",1.65,1,NA,28,3
6,7,"Petal.Length",5,1,NA,28,4
8,9,"Petal.Width",1.75,1,NA,28,5
0,0,NA,0,-1,"versicolor",28,6
10,11,"Petal.Width",1.55,1,NA,28,7
12,13,"Sepal.Length",5.800000000000001,1,NA,28,8
14,15,"Petal.Length",4.85,1,NA,28,9
0,0,NA,0,-1,"virginica",28,10
0,0,NA,0,-1,"versicolor",28,11
0,0,NA,0,-1,"virginica",28,12
0,0,NA,0,-1,"versicolor",28,13
16,17,"Sepal.Width",3,1,NA,28,14
0,0,NA,0,-1,"virginica",28,15
0,0,NA,0,-1,"virginica",28,16
0,0,NA,0,-1,"versicolor",28,17
2,3,"Petal.Width",1.75,1,NA,29,1
4,5,"Petal.Length",2.45,1,NA,29,2
0,0,NA,0,-1,"virginica",29,3
0,0,NA,0,-1,"setosa",29,4
6,7,"Sepal.Length",7.1,1,NA,29,5
8,9,"Petal.Length",5.35,1,NA,29,6
0,0,NA,0,-1,"virginica",29,7
0,0,NA,0,-1,"versicolor",29,8
0,0,NA,0,-1,"virginica",29,9
2,3,"Petal.Length",2.5999999999999996,1,NA,30,1
0,0,NA,0,-1,"setosa",30,2
4,5,"Petal.Width",1.75,1,NA,30,3
6,7,"Sepal.Length",7.050000000000001,1,NA,30,4
8,9,"Sepal.Length",5.95,1,NA,30,5
10,11,"Petal.Length",5.05,1,NA,30,6
0,0,NA,0,-1,"virginica",30,7
12,13,"Sepal.Width",3,1,NA,30,8
0,0,NA,0,-1,"virginica",30,9
0,0,NA,0,-1,"versicolor",30,10
0,0,NA,0,-1,"virginica",30,11
0,0,NA,0,-1,"virginica",30,12
0,0,NA,0,-1,"versicolor",30,13
2,3,"Petal.Length",2.45,1,NA,31,1
0,0,NA,0,-1,"setosa",31,2
4,5,"Petal.Width",1.75,1,NA,31,3
6,7,"Petal.Width",1.55,1,NA,31,4
8,9,"Petal.Width",1.85,1,NA,31,5
10,11,"Petal.Length",4.95,1,NA,31,6
12,13,"Sepal.Width",3.15,1,NA,31,7
14,15,"Sepal.Length",6,1,NA,31,8
0,0,NA,0,-1,"virginica",31,9
0,0,NA,0,-1,"versicolor",31,10
0,0,NA,0,-1,"virginica",31,11
16,17,"Sepal.Length",6.95,1,NA,31,12
0,0,NA,0,-1,"versicolor",31,13
0,0,NA,0,-1,"versicolor",31,14
0,0,NA,0,-1,"virginica",31,15
18,19,"Sepal.Length",5.45,1,NA,31,16
0,0,NA,0,-1,"virginica",31,17
0,0,NA,0,-1,"virginica",31,18
0,0,NA,0,-1,"versicolor",31,19
2,3,"Petal.Length",2.5999999999999996,1,NA,32,1
0,0,NA,0,-1,"setosa",32,2
4,5,"Petal.Length",4.75,1,NA,32,3
6,7,"Petal.Width",1.65,1,NA,32,4
8,9,"Petal.Width",1.7000000000000002,1,NA,32,5
0,0,NA,0,-1,"versicolor",32,6
0,0,NA,0,-1,"virginica",32,7
10,11,"Petal.Width",1.45,1,NA,32,8
0,0,NA,0,-1,"virginica",32,9
0,0,NA,0,-1,"virginica",32,10
12,13,"Sepal.Width",2.75,1,NA,32,11
0,0,NA,0,-1,"versicolor",32,12
14,15,"Petal.Length",5,1,NA,32,13
0,0,NA,0,-1,"versicolor",32,14
0,0,NA,0,-1,"virginica",32,15
2,3,"Petal.Width",0.8,1,NA,33,1
0,0,NA,0,-1,"setosa",33,2
4,5,"Petal.Width",1.55,1,NA,33,3
6,7,"Petal.Length",4.95,1,NA,33,4
8,9,"Petal.Width",1.75,1,NA,33,5
0,0,NA,0,-1,"versicolor",33,6
0,0,NA,0,-1,"virginica",33,7
10,11,"Sepal.Length",6.95,1,NA,33,8
0,0,NA,0,-1,"virginica",33,9
12,13,"Petal.Length",4.75,1,NA,33,10
0,0,NA,0,-1,"virginica",33,11
0,0,NA,0,-1,"virginica",33,12
0,0,NA,0,-1,"versicolor",33,13
2,3,"Petal.Width",0.8,1,NA,34,1
0,0,NA,0,-1,"setosa",34,2
4,5,"Petal.Length",4.85,1,NA,34,3
6,7,"Petal.Width",1.6,1,NA,34,4
8,9,"Petal.Width",1.55,1,NA,34,5
0,0,NA,0,-1,"versicolor",34,6
0,0,NA,0,-1,"virginica",34,7
10,11,"Sepal.Length",6.15,1,NA,34,8
0,0,NA,0,-1,"virginica",34,9
0,0,NA,0,-1,"virginica",34,10
12,13,"Sepal.Width",2.65,1,NA,34,11
0,0,NA,0,-1,"versicolor",34,12
0,0,NA,0,-1,"virginica",34,13
2,3,"Petal.Width",1.7000000000000002,1,NA,35,1
4,5,"Petal.Length",2.45,1,NA,35,2
0,0,NA,0,-1,"virginica",35,3
0,0,NA,0,-1,"setosa",35,4
6,7,"Petal.Length",4.95,1,NA,35,5
0,0,NA,0,-1,"versicolor",35,6
8,9,"Petal.Width",1.55,1,NA,35,7
0,0,NA,0,-1,"virginica",35,8
0,0,NA,0,-1,"versicolor",35,9
2,3,"Petal.Length",2.5999999999999996,1,NA,36,1
0,0,NA,0,-1,"setosa",36,2
4,5,"Petal.Length",4.85,1,NA,36,3
6,7,"Petal.Width",1.65,1,NA,36,4
0,0,NA,0,-1,"virginica",36,5
0,0,NA,0,-1,"versicolor",36,6
8,9,"Sepal.Width",3.1,1,NA,36,7
0,0,NA,0,-1,"virginica",36,8
0,0,NA,0,-1,"versicolor",36,9
2,3,"Petal.Length",2.35,1,NA,37,1
0,0,NA,0,-1,"setosa",37,2
4,5,"Petal.Width",1.75,1,NA,37,3
6,7,"Petal.Length",4.95,1,NA,37,4
8,9,"Sepal.Length",5.95,1,NA,37,5
0,0,NA,0,-1,"versicolor",37,6
10,11,"Petal.Length",5.35,1,NA,37,7
12,13,"Petal.Width",1.85,1,NA,37,8
0,0,NA,0,-1,"virginica",37,9
14,15,"Sepal.Length",6.5,1,NA,37,10
0,0,NA,0,-1,"virginica",37,11
0,0,NA,0,-1,"versicolor",37,12
0,0,NA,0,-1,"virginica",37,13
16,17,"Petal.Width",1.55,1,NA,37,14
0,0,NA,0,-1,"versicolor",37,15
0,0,NA,0,-1,"virginica",37,16
0,0,NA,0,-1,"versicolor",37,17
2,3,"Petal.Length",2.5999999999999996,1,NA,38,1
0,0,NA,0,-1,"setosa",38,2
4,5,"Petal.Length",4.85,1,NA,38,3
6,7,"Petal.Width",1.65,1,NA,38,4
8,9,"Petal.Length",5.15,1,NA,38,5
0,0,NA,0,-1,"versicolor",38,6
10,11,"Sepal.Width",3.1,1,NA,38,7
12,13,"Petal.Width",1.75,1,NA,38,8
0,0,NA,0,-1,"virginica",38,9
0,0,NA,0,-1,"virginica",38,10
0,0,NA,0,-1,"versicolor",38,11
0,0,NA,0,-1,"versicolor",38,12
0,0,NA,0,-1,"virginica",38,13
2,3,"Petal.Length",2.5999999999999996,1,NA,39,1
0,0,NA,0,-1,"setosa",39,2
4,5,"Petal.Width",1.55,1,NA,39,3
6,7,"Petal.Length",5,1,NA,39,4
8,9,"Petal.Width",1.65,1,NA,39,5
0,0,NA,0,-1,"versicolor",39,6
0,0,NA,0,-1,"virginica",39,7
10,11,"Petal.Length",5.15,1,NA,39,8
0,0,NA,0,-1,"virginica",39,9
0,0,NA,0,-1,"versicolor",39,10
0,0,NA,0,-1,"virginica",39,11
2,3,"Petal.Width",0.8,1,NA,40,1
0,0,NA,0,-1,"setosa",40,2
4,5,"Petal.Length",4.95,1,NA,40,3
6,7,"Petal.Width",1.65,1,NA,40,4
8,9,"Petal.Length",5.15,1,NA,40,5
0,0,NA,0,-1,"versicolor",40,6
10,11,"Sepal.Width",3.1,1,NA,40,7
12,13,"Sepal.Length",5.95,1,NA,40,8
0,0,NA,0,-1,"virginica",40,9
0,0,NA,0,-1,"virginica",40,10
0,0,NA,0,-1,"versicolor",40,11
0,0,NA,0,-1,"virginica",40,12
14,15,"Sepal.Width",2.6,1,NA,40,13
0,0,NA,0,-1,"virginica",40,14
16,17,"Sepal.Width",3.1,1,NA,40,15
0,0,NA,0,-1,"versicolor",40,16
0,0,NA,0,-1,"virginica",40,17
2,3,"Petal.Width",0.8,1,NA,41,1
0,0,NA,0,-1,"setosa",41,2
4,5,"Petal.Width",1.75,1,NA,41,3
6,7,"Sepal.Width",2.25,1,NA,41,4
8,9,"Petal.Length",4.85,1,NA,41,5
10,11,"Petal.Width",1.25,1,NA,41,6
12,13,"Sepal.Length",7.1,1,NA,41,7
0,0,NA,0,-1,"versicolor",41,8
0,0,NA,0,-1,"virginica",41,9
0,0,NA,0,-1,"versicolor",41,10
0,0,NA,0,-1,"virginica",41,11
14,15,"Petal.Width",1.65,1,NA,41,12
0,0,NA,0,-1,"virginica",41,13
0,0,NA,0,-1,"versicolor",41,14
16,17,"Sepal.Length",5.800000000000001,1,NA,41,15
0,0,NA,0,-1,"virginica",41,16
0,0,NA,0,-1,"versicolor",41,17
2,3,"Petal.Width",0.7,1,NA,42,1
0,0,NA,0,-1,"setosa",42,2
4,5,"Petal.Width",1.75,1,NA,42,3
6,7,"Petal.Length",5.05,1,NA,42,4
0,0,NA,0,-1,"virginica",42,5
8,9,"Sepal.Width",2.6,1,NA,42,6
10,11,"Sepal.Width",2.75,1,NA,42,7
12,13,"Petal.Length",4.25,1,NA,42,8
0,0,NA,0,-1,"versicolor",42,9
14,15,"Sepal.Length",6.05,1,NA,42,10
0,0,NA,0,-1,"virginica",42,11
0,0,NA,0,-1,"versicolor",42,12
16,17,"Petal.Length",4.7,1,NA,42,13
0,0,NA,0,-1,"versicolor",42,14
0,0,NA,0,-1,"virginica",42,15
0,0,NA,0,-1,"virginica",42,16
18,19,"Sepal.Width",2.35,1,NA,42,17
0,0,NA,0,-1,"virginica",42,18
0,0,NA,0,-1,"versicolor",42,19
2,3,"Petal.Length",2.45,1,NA,43,1
0,0,NA,0,-1,"setosa",43,2
4,5,"Sepal.Length",6.15,1,NA,43,3
6,7,"Petal.Length",4.800000000000001,1,NA,43,4
8,9,"Petal.Width",1.55,1,NA,43,5
0,0,NA,0,-1,"versicolor",43,6
10,11,"Petal.Width",1.7000000000000002,1,NA,43,7
0,0,NA,0,-1,"versicolor",43,8
0,0,NA,0,-1,"virginica",43,9
12,13,"Sepal.Width",2.6500000000000004,1,NA,43,10
0,0,NA,0,-1,"virginica",43,11
0,0,NA,0,-1,"virginica",43,12
0,0,NA,0,-1,"versicolor",43,13
2,3,"Sepal.Length",5.45,1,NA,44,1
4,5,"Petal.Width",0.8,1,NA,44,2
6,7,"Petal.Width",1.7000000000000002,1,NA,44,3
0,0,NA,0,-1,"setosa",44,4
8,9,"Petal.Length",4.2,1,NA,44,5
10,11,"Petal.Length",2.55,1,NA,44,6
12,13,"Petal.Length",4.85,1,NA,44,7
0,0,NA,0,-1,"versicolor",44,8
0,0,NA,0,-1,"virginica",44,9
0,0,NA,0,-1,"setosa",44,10
14,15,"Sepal.Length",7,1,NA,44,11
16,17,"Sepal.Length",6.050000000000001,1,NA,44,12
0,0,NA,0,-1,"virginica",44,13
18,19,"Petal.Length",5.199999999999999,1,NA,44,14
0,0,NA,0,-1,"virginica",44,15
0,0,NA,0,-1,"versicolor",44,16
0,0,NA,0,-1,"virginica",44,17
0,0,NA,0,-1,"versicolor",44,18
0,0,NA,0,-1,"virginica",44,19
2,3,"Petal.Width",1.75,1,NA,45,1
4,5,"Petal.Width",0.8,1,NA,45,2
6,7,"Petal.Width",1.85,1,NA,45,3
0,0,NA,0,-1,"setosa",45,4
8,9,"Sepal.Length",7.1,1,NA,45,5
10,11,"Sepal.Length",5.95,1,NA,45,6
0,0,NA,0,-1,"virginica",45,7
0,0,NA,0,-1,"versicolor",45,8
0,0,NA,0,-1,"virginica",45,9
12,13,"Sepal.Width",3.1,1,NA,45,10
0,0,NA,0,-1,"virginica",45,11
0,0,NA,0,-1,"virginica",45,12
0,0,NA,0,-1,"versicolor",45,13
2,3,"Petal.Width",0.8,1,NA,46,1
0,0,NA,0,-1,"setosa",46,2
4,5,"Sepal.Length",6.25,1,NA,46,3
6,7,"Petal.Length",4.75,1,NA,46,4
8,9,"Sepal.Length",6.75,1,NA,46,5
0,0,NA,0,-1,"versicolor",46,6
10,11,"Petal.Length",5.05,1,NA,46,7
12,13,"Sepal.Length",6.55,1,NA,46,8
14,15,"Sepal.Length",7.050000000000001,1,NA,46,9
0,0,NA,0,-1,"virginica",46,10
16,17,"Sepal.Length",5.95,1,NA,46,11
18,19,"Sepal.Width",3.25,1,NA,46,12
20,21,"Petal.Length",5.1,1,NA,46,13
22,23,"Petal.Width",1.8,1,NA,46,14
0,0,NA,0,-1,"virginica",46,15
0,0,NA,0,-1,"virginica",46,16
0,0,NA,0,-1,"versicolor",46,17
24,25,"Petal.Length",4.6,1,NA,46,18
26,27,"Petal.Length",5.15,1,NA,46,19
0,0,NA,0,-1,"versicolor",46,20
0,0,NA,0,-1,"virginica",46,21
0,0,NA,0,-1,"versicolor",46,22
0,0,NA,0,-1,"virginica",46,23
0,0,NA,0,-1,"versicolor",46,24
0,0,NA,0,-1,"virginica",46,25
0,0,NA,0,-1,"versicolor",46,26
0,0,NA,0,-1,"virginica",46,27
2,3,"Petal.Width",1.65,1,NA,47,1
4,5,"Petal.Width",0.8,1,NA,47,2
6,7,"Petal.Width",1.75,1,NA,47,3
0,0,NA,0,-1,"setosa",47,4
8,9,"Petal.Length",4.95,1,NA,47,5
10,11,"Sepal.Length",5.800000000000001,1,NA,47,6
0,0,NA,0,-1,"virginica",47,7
0,0,NA,0,-1,"versicolor",47,8
12,13,"Sepal.Width",2.45,1,NA,47,9
0,0,NA,0,-1,"virginica",47,10
0,0,NA,0,-1,"versicolor",47,11
0,0,NA,0,-1,"virginica",47,12
0,0,NA,0,-1,"versicolor",47,13
2,3,"Sepal.Length",5.55,1,NA,48,1
4,5,"Sepal.Width",2.85,1,NA,48,2
6,7,"Petal.Length",4.95,1,NA,48,3
8,9,"Petal.Length",4.25,1,NA,48,4
10,11,"Petal.Length",3.2,1,NA,48,5
12,13,"Petal.Width",1.65,1,NA,48,6
14,15,"Petal.Width",1.75,1,NA,48,7
0,0,NA,0,-1,"versicolor",48,8
0,0,NA,0,-1,"virginica",48,9
0,0,NA,0,-1,"setosa",48,10
0,0,NA,0,-1,"versicolor",48,11
16,17,"Petal.Width",0.6,1,NA,48,12
0,0,NA,0,-1,"virginica",48,13
18,19,"Petal.Width",1.65,1,NA,48,14
0,0,NA,0,-1,"virginica",48,15
0,0,NA,0,-1,"setosa",48,16
0,0,NA,0,-1,"versicolor",48,17
0,0,NA,0,-1,"virginica",48,18
0,0,NA,0,-1,"versicolor",48,19
2,3,"Petal.Length",2.45,1,NA,49,1
0,0,NA,0,-1,"setosa",49,2
4,5,"Petal.Width",1.65,1,NA,49,3
0,0,NA,0,-1,"versicolor",49,4
6,7,"Sepal.Length",5.95,1,NA,49,5
8,9,"Sepal.Length",5.85,1,NA,49,6
0,0,NA,0,-1,"virginica",49,7
0,0,NA,0,-1,"virginica",49,8
0,0,NA,0,-1,"versicolor",49,9
2,3,"Petal.Length",2.45,1,NA,50,1
0,0,NA,0,-1,"setosa",50,2
4,5,"Petal.Length",4.75,1,NA,50,3
0,0,NA,0,-1,"versicolor",50,4
6,7,"Petal.Width",1.75,1,NA,50,5
8,9,"Sepal.Width",2.9,1,NA,50,6
10,11,"Petal.Length",4.85,1,NA,50,7
12,13,"Sepal.Length",6.55,1,NA,50,8
0,0,NA,0,-1,"versicolor",50,9
14,15,"Sepal.Length",5.95,1,NA,50,10
0,0,NA,0,-1,"virginica",50,11
0,0,NA,0,-1,"virginica",50,12
0,0,NA,0,-1,"versicolor",50,13
0,0,NA,0,-1,"versicolor",50,14
0,0,NA,0,-1,"virginica",50,15
2,3,"Petal.Length",2.5999999999999996,1,NA,51,1
0,0,NA,0,-1,"setosa",51,2
4,5,"Petal.Width",1.7000000000000002,1,NA,51,3
6,7,"Sepal.Length",7.1,1,NA,51,4
8,9,"Sepal.Length",6,1,NA,51,5
10,11,"Sepal.Width",2.25,1,NA,51,6
0,0,NA,0,-1,"virginica",51,7
12,13,"Sepal.Width",3,1,NA,51,8
0,0,NA,0,-1,"virginica",51,9
14,15,"Petal.Length",4.5,1,NA,51,10
16,17,"Sepal.Length",6.25,1,NA,51,11
0,0,NA,0,-1,"virginica",51,12
0,0,NA,0,-1,"versicolor",51,13
0,0,NA,0,-1,"versicolor",51,14
0,0,NA,0,-1,"virginica",51,15
0,0,NA,0,-1,"versicolor",51,16
18,19,"Petal.Length",5,1,NA,51,17
0,0,NA,0,-1,"versicolor",51,18
0,0,NA,0,-1,"virginica",51,19
2,3,"Petal.Width",0.8,1,NA,52,1
0,0,NA,0,-1,"setosa",52,2
4,5,"Petal.Length",5.05,1,NA,52,3
6,7,"Petal.Length",4.75,1,NA,52,4
0,0,NA,0,-1,"virginica",52,5
8,9,"Petal.Width",1.65,1,NA,52,6
10,11,"Sepal.Length",6.45,1,NA,52,7
0,0,NA,0,-1,"versicolor",52,8
0,0,NA,0,-1,"virginica",52,9
12,13,"Sepal.Width",3.1,1,NA,52,10
0,0,NA,0,-1,"versicolor",52,11
0,0,NA,0,-1,"virginica",52,12
0,0,NA,0,-1,"versicolor",52,13
2,3,"Petal.Length",2.45,1,NA,53,1
0,0,NA,0,-1,"setosa",53,2
4,5,"Petal.Width",1.75,1,NA,53,3
6,7,"Petal.Length",4.95,1,NA,53,4
8,9,"Sepal.Length",6,1,NA,53,5
10,11,"Sepal.Width",2.55,1,NA,53,6
12,13,"Sepal.Length",6.35,1,NA,53,7
14,15,"Petal.Length",4.9,1,NA,53,8
0,0,NA,0,-1,"virginica",53,9
16,17,"Sepal.Length",4.95,1,NA,53,10
0,0,NA,0,-1,"versicolor",53,11
0,0,NA,0,-1,"virginica",53,12
0,0,NA,0,-1,"versicolor",53,13
0,0,NA,0,-1,"versicolor",53,14
0,0,NA,0,-1,"virginica",53,15
18,19,"Petal.Width",1.35,1,NA,53,16
0,0,NA,0,-1,"versicolor",53,17
0,0,NA,0,-1,"versicolor",53,18
0,0,NA,0,-1,"virginica",53,19
2,3,"Petal.Width",0.8,1,NA,54,1
0,0,NA,0,-1,"setosa",54,2
4,5,"Sepal.Length",6.25,1,NA,54,3
6,7,"Petal.Length",4.949999999999999,1,NA,54,4
8,9,"Petal.Width",1.7000000000000002,1,NA,54,5
10,11,"Petal.Width",1.6,1,NA,54,6
0,0,NA,0,-1,"virginica",54,7
12,13,"Petal.Length",5.25,1,NA,54,8
0,0,NA,0,-1,"virginica",54,9
0,0,NA,0,-1,"versicolor",54,10
14,15,"Sepal.Width",3.1,1,NA,54,11
0,0,NA,0,-1,"versicolor",54,12
0,0,NA,0,-1,"virginica",54,13
0,0,NA,0,-1,"virginica",54,14
0,0,NA,0,-1,"versicolor",54,15
2,3,"Petal.Width",0.8,1,NA,55,1
0,0,NA,0,-1,"setosa",55,2
4,5,"Petal.Width",1.65,1,NA,55,3
6,7,"Petal.Length",4.95,1,NA,55,4
8,9,"Petal.Length",4.85,1,NA,55,5
0,0,NA,0,-1,"versicolor",55,6
0,0,NA,0,-1,"virginica",55,7
10,11,"Sepal.Length",5.4,1,NA,55,8
0,0,NA,0,-1,"virginica",55,9
0,0,NA,0,-1,"virginica",55,10
12,13,"Sepal.Length",5.95,1,NA,55,11
0,0,NA,0,-1,"versicolor",55,12
0,0,NA,0,-1,"virginica",55,13
2,3,"Petal.Width",0.8,1,NA,56,1
0,0,NA,0,-1,"setosa",56,2
4,5,"Sepal.Length",5.85,1,NA,56,3
6,7,"Petal.Width",1.6,1,NA,56,4
8,9,"Petal.Length",4.75,1,NA,56,5
0,0,NA,0,-1,"versicolor",56,6
0,0,NA,0,-1,"virginica",56,7
0,0,NA,0,-1,"versicolor",56,8
10,11,"Petal.Length",5.05,1,NA,56,9
12,13,"Sepal.Width",3.05,1,NA,56,10
0,0,NA,0,-1,"virginica",56,11
14,15,"Petal.Width",1.75,1,NA,56,12
0,0,NA,0,-1,"versicolor",56,13
16,17,"Sepal.Length",6.15,1,NA,56,14
0,0,NA,0,-1,"virginica",56,15
0,0,NA,0,-1,"virginica",56,16
0,0,NA,0,-1,"versicolor",56,17
2,3,"Petal.Length",2.45,1,NA,57,1
0,0,NA,0,-1,"setosa",57,2
4,5,"Petal.Length",4.85,1,NA,57,3
6,7,"Petal.Width",1.65,1,NA,57,4
8,9,"Petal.Width",1.75,1,NA,57,5
0,0,NA,0,-1,"versicolor",57,6
10,11,"Sepal.Width",3.1,1,NA,57,7
12,13,"Sepal.Width",3.05,1,NA,57,8
0,0,NA,0,-1,"virginica",57,9
0,0,NA,0,-1,"virginica",57,10
0,0,NA,0,-1,"versicolor",57,11
14,15,"Petal.Length",5.35,1,NA,57,12
0,0,NA,0,-1,"versicolor",57,13
16,17,"Petal.Width",1.55,1,NA,57,14
0,0,NA,0,-1,"virginica",57,15
0,0,NA,0,-1,"virginica",57,16
0,0,NA,0,-1,"versicolor",57,17
2,3,"Petal.Width",0.8,1,NA,58,1
0,0,NA,0,-1,"setosa",58,2
4,5,"Sepal.Length",5.75,1,NA,58,3
6,7,"Petal.Width",1.6,1,NA,58,4
8,9,"Petal.Length",4.95,1,NA,58,5
0,0,NA,0,-1,"versicolor",58,6
0,0,NA,0,-1,"virginica",58,7
10,11,"Petal.Width",1.7000000000000002,1,NA,58,8
0,0,NA,0,-1,"virginica",58,9
0,0,NA,0,-1,"versicolor",58,10
0,0,NA,0,-1,"virginica",58,11
2,3,"Petal.Length",2.45,1,NA,59,1
0,0,NA,0,-1,"setosa",59,2
4,5,"Petal.Length",4.95,1,NA,59,3
6,7,"Petal.Width",1.7000000000000002,1,NA,59,4
8,9,"Petal.Width",1.75,1,NA,59,5
0,0,NA,0,-1,"versicolor",59,6
10,11,"Petal.Width",1.9,1,NA,59,7
12,13,"Petal.Width",1.65,1,NA,59,8
0,0,NA,0,-1,"virginica",59,9
0,0,NA,0,-1,"versicolor",59,10
0,0,NA,0,-1,"virginica",59,11
0,0,NA,0,-1,"virginica",59,12
0,0,NA,0,-1,"versicolor",59,13
2,3,"Petal.Width",0.7,1,NA,60,1
0,0,NA,0,-1,"setosa",60,2
4,5,"Sepal.Length",6.25,1,NA,60,3
6,7,"Petal.Width",1.7000000000000002,1,NA,60,4
8,9,"Petal.Length",4.85,1,NA,60,5
10,11,"Petal.Length",5.35,1,NA,60,6
12,13,"Sepal.Width",3.1,1,NA,60,7
0,0,NA,0,-1,"versicolor",60,8
14,15,"Sepal.Width",2.55,1,NA,60,9
0,0,NA,0,-1,"versicolor",60,10
0,0,NA,0,-1,"virginica",60,11
0,0,NA,0,-1,"virginica",60,12
16,17,"Petal.Width",2.05,1,NA,60,13
0,0,NA,0,-1,"versicolor",60,14
18,19,"Petal.Width",1.75,1,NA,60,15
0,0,NA,0,-1,"versicolor",60,16
0,0,NA,0,-1,"virginica",60,17
20,21,"Petal.Length",5.05,1,NA,60,18
0,0,NA,0,-1,"virginica",60,19
0,0,NA,0,-1,"versicolor",60,20
0,0,NA,0,-1,"virginica",60,21
2,3,"Sepal.Length",5.45,1,NA,61,1
4,5,"Sepal.Width",2.8,1,NA,61,2
6,7,"Sepal.Length",7.050000000000001,1,NA,61,3
8,9,"Petal.Width",1.5499999999999998,1,NA,61,4
0,0,NA,0,-1,"setosa",61,5
10,11,"Petal.Width",1.75,1,NA,61,6
0,0,NA,0,-1,"virginica",61,7
12,13,"Petal.Width",0.65,1,NA,61,8
0,0,NA,0,-1,"virginica",61,9
14,15,"Petal.Width",0.6,1,NA,61,10
16,17,"Petal.Length",4.85,1,NA,61,11
0,0,NA,0,-1,"setosa",61,12
0,0,NA,0,-1,"versicolor",61,13
0,0,NA,0,-1,"setosa",61,14
18,19,"Petal.Length",4.95,1,NA,61,15
0,0,NA,0,-1,"versicolor",61,16
0,0,NA,0,-1,"virginica",61,17
0,0,NA,0,-1,"versicolor",61,18
20,21,"Sepal.Width",2.45,1,NA,61,19
0,0,NA,0,-1,"virginica",61,20
0,0,NA,0,-1,"versicolor",61,21
2,3,"Petal.Length",2.5999999999999996,1,NA,62,1
0,0,NA,0,-1,"setosa",62,2
4,5,"Petal.Width",1.75,1,NA,62,3
6,7,"Petal.Length",5.05,1,NA,62,4
0,0,NA,0,-1,"virginica",62,5
0,0,NA,0,-1,"versicolor",62,6
8,9,"Sepal.Length",6.05,1,NA,62,7
0,0,NA,0,-1,"versicolor",62,8
0,0,NA,0,-1,"virginica",62,9
2,3,"Petal.Width",0.8,1,NA,63,1
0,0,NA,0,-1,"setosa",63,2
4,5,"Sepal.Length",5.75,1,NA,63,3
6,7,"Sepal.Length",4.95,1,NA,63,4
8,9,"Petal.Length",4.75,1,NA,63,5
10,11,"Sepal.Width",2.45,1,NA,63,6
12,13,"Petal.Length",4.7,1,NA,63,7
0,0,NA,0,-1,"versicolor",63,8
14,15,"Petal.Width",1.75,1,NA,63,9
0,0,NA,0,-1,"versicolor",63,10
0,0,NA,0,-1,"virginica",63,11
0,0,NA,0,-1,"versicolor",63,12
0,0,NA,0,-1,"virginica",63,13
16,17,"Petal.Width",1.55,1,NA,63,14
0,0,NA,0,-1,"virginica",63,15
18,19,"Petal.Length",4.95,1,NA,63,16
20,21,"Petal.Length",5.449999999999999,1,NA,63,17
0,0,NA,0,-1,"versicolor",63,18
0,0,NA,0,-1,"virginica",63,19
0,0,NA,0,-1,"versicolor",63,20
0,0,NA,0,-1,"virginica",63,21
2,3,"Petal.Length",2.45,1,NA,64,1
0,0,NA,0,-1,"setosa",64,2
4,5,"Petal.Width",1.55,1,NA,64,3
6,7,"Sepal.Width",2.25,1,NA,64,4
8,9,"Sepal.Width",3.1500000000000004,1,NA,64,5
10,11,"Sepal.Length",5.5,1,NA,64,6
12,13,"Petal.Length",5,1,NA,64,7
0,0,NA,0,-1,"virginica",64,8
14,15,"Sepal.Length",6.1,1,NA,64,9
0,0,NA,0,-1,"versicolor",64,10
0,0,NA,0,-1,"virginica",64,11
0,0,NA,0,-1,"versicolor",64,12
0,0,NA,0,-1,"virginica",64,13
0,0,NA,0,-1,"versicolor",64,14
0,0,NA,0,-1,"virginica",64,15
2,3,"Petal.Length",2.45,1,NA,65,1
0,0,NA,0,-1,"setosa",65,2
4,5,"Petal.Width",1.75,1,NA,65,3
6,7,"Petal.Length",5.4,1,NA,65,4
0,0,NA,0,-1,"virginica",65,5
8,9,"Petal.Length",4.95,1,NA,65,6
0,0,NA,0,-1,"virginica",65,7
0,0,NA,0,-1,"versicolor",65,8
10,11,"Sepal.Width",2.6,1,NA,65,9
0,0,NA,0,-1,"virginica",65,10
0,0,NA,0,-1,"versicolor",65,11
2,3,"Petal.Width",0.8,1,NA,66,1
0,0,NA,0,-1,"setosa",66,2
4,5,"Sepal.Length",6.15,1,NA,66,3
6,7,"Petal.Width",1.7000000000000002,1,NA,66,4
8,9,"Petal.Width",1.75,1,NA,66,5
10,11,"Sepal.Width",2.25,1,NA,66,6
0,0,NA,0,-1,"virginica",66,7
12,13,"Petal.Length",5.4,1,NA,66,8
0,0,NA,0,-1,"virginica",66,9
14,15,"Petal.Length",4.5,1,NA,66,10
0,0,NA,0,-1,"versicolor",66,11
0,0,NA,0,-1,"versicolor",66,12
0,0,NA,0,-1,"virginica",66,13
0,0,NA,0,-1,"versicolor",66,14
0,0,NA,0,-1,"virginica",66,15
2,3,"Petal.Width",0.75,1,NA,67,1
0,0,NA,0,-1,"setosa",67,2
4,5,"Petal.Length",4.95,1,NA,67,3
6,7,"Sepal.Length",5.95,1,NA,67,4
8,9,"Petal.Width",1.75,1,NA,67,5
0,0,NA,0,-1,"versicolor",67,6
10,11,"Sepal.Length",6.25,1,NA,67,7
12,13,"Petal.Width",1.55,1,NA,67,8
0,0,NA,0,-1,"virginica",67,9
14,15,"Petal.Width",1.7000000000000002,1,NA,67,10
0,0,NA,0,-1,"versicolor",67,11
0,0,NA,0,-1,"virginica",67,12
0,0,NA,0,-1,"versicolor",67,13
0,0,NA,0,-1,"versicolor",67,14
0,0,NA,0,-1,"virginica",67,15
2,3,"Petal.Length",2.45,1,NA,68,1
0,0,NA,0,-1,"setosa",68,2
4,5,"Petal.Width",1.65,1,NA,68,3
6,7,"Petal.Length",5,1,NA,68,4
8,9,"Petal.Width",1.85,1,NA,68,5
0,0,NA,0,-1,"versicolor",68,6
10,11,"Sepal.Length",6.05,1,NA,68,7
12,13,"Sepal.Width",3.1500000000000004,1,NA,68,8
0,0,NA,0,-1,"virginica",68,9
0,0,NA,0,-1,"versicolor",68,10
0,0,NA,0,-1,"virginica",68,11
14,15,"Sepal.Length",6.6,1,NA,68,12
16,17,"Petal.Length",5.4,1,NA,68,13
0,0,NA,0,-1,"virginica",68,14
0,0,NA,0,-1,"versicolor",68,15
0,0,NA,0,-1,"versicolor",68,16
0,0,NA,0,-1,"virginica",68,17
2,3,"Sepal.Length",5.45,1,NA,69,1
4,5,"Petal.Length",2.45,1,NA,69,2
6,7,"Petal.Length",4.95,1,NA,69,3
0,0,NA,0,-1,"setosa",69,4
0,0,NA,0,-1,"versicolor",69,5
8,9,"Petal.Width",0.7,1,NA,69,6
0,0,NA,0,-1,"virginica",69,7
0,0,NA,0,-1,"setosa",69,8
10,11,"Petal.Length",4.75,1,NA,69,9
0,0,NA,0,-1,"versicolor",69,10
12,13,"Sepal.Length",6.15,1,NA,69,11
0,0,NA,0,-1,"virginica",69,12
0,0,NA,0,-1,"versicolor",69,13
2,3,"Petal.Length",2.45,1,NA,70,1
0,0,NA,0,-1,"setosa",70,2
4,5,"Petal.Width",1.75,1,NA,70,3
6,7,"Petal.Length",5.3,1,NA,70,4
8,9,"Sepal.Width",3.1500000000000004,1,NA,70,5
0,0,NA,0,-1,"versicolor",70,6
0,0,NA,0,-1,"virginica",70,7
0,0,NA,0,-1,"virginica",70,8
10,11,"Petal.Length",4.949999999999999,1,NA,70,9
0,0,NA,0,-1,"versicolor",70,10
0,0,NA,0,-1,"virginica",70,11
2,3,"Petal.Width",0.8,1,NA,71,1
0,0,NA,0,-1,"setosa",71,2
4,5,"Petal.Width",1.85,1,NA,71,3
6,7,"Petal.Length",5.05,1,NA,71,4
0,0,NA,0,-1,"virginica",71,5
8,9,"Petal.Width",1.65,1,NA,71,6
10,11,"Sepal.Width",2.75,1,NA,71,7
0,0,NA,0,-1,"versicolor",71,8
12,13,"Petal.Length",4.95,1,NA,71,9
14,15,"Sepal.Width",2.6500000000000004,1,NA,71,10
0,0,NA,0,-1,"virginica",71,11
16,17,"Petal.Length",4.85,1,NA,71,12
0,0,NA,0,-1,"versicolor",71,13
0,0,NA,0,-1,"virginica",71,14
0,0,NA,0,-1,"versicolor",71,15
18,19,"Sepal.Width",3,1,NA,71,16
0,0,NA,0,-1,"virginica",71,17
0,0,NA,0,-1,"virginica",71,18
0,0,NA,0,-1,"versicolor",71,19
2,3,"Petal.Width",0.8,1,NA,72,1
0,0,NA,0,-1,"setosa",72,2
4,5,"Petal.Width",1.75,1,NA,72,3
6,7,"Petal.Length",4.95,1,NA,72,4
8,9,"Sepal.Length",6,1,NA,72,5
0,0,NA,0,-1,"versicolor",72,6
10,11,"Sepal.Width",2.45,1,NA,72,7
12,13,"Sepal.Width",3.1,1,NA,72,8
0,0,NA,0,-1,"virginica",72,9
0,0,NA,0,-1,"virginica",72,10
14,15,"Sepal.Width",2.75,1,NA,72,11
0,0,NA,0,-1,"virginica",72,12
0,0,NA,0,-1,"versicolor",72,13
0,0,NA,0,-1,"versicolor",72,14
16,17,"Petal.Width",1.65,1,NA,72,15
0,0,NA,0,-1,"virginica",72,16
0,0,NA,0,-1,"versicolor",72,17
2,3,"Petal.Width",0.8,1,NA,73,1
0,0,NA,0,-1,"setosa",73,2
4,5,"Sepal.Length",5.75,1,NA,73,3
6,7,"Petal.Width",1.7,1,NA,73,4
8,9,"Petal.Length",4.75,1,NA,73,5
0,0,NA,0,-1,"versicolor",73,6
0,0,NA,0,-1,"virginica",73,7
0,0,NA,0,-1,"versicolor",73,8
10,11,"Petal.Width",1.75,1,NA,73,9
12,13,"Sepal.Length",6.5,1,NA,73,10
0,0,NA,0,-1,"virginica",73,11
14,15,"Petal.Width",1.55,1,NA,73,12
16,17,"Petal.Width",1.55,1,NA,73,13
0,0,NA,0,-1,"virginica",73,14
0,0,NA,0,-1,"versicolor",73,15
0,0,NA,0,-1,"versicolor",73,16
18,19,"Petal.Width",1.65,1,NA,73,17
0,0,NA,0,-1,"virginica",73,18
0,0,NA,0,-1,"versicolor",73,19
2,3,"Sepal.Length",5.55,1,NA,74,1
4,5,"Petal.Width",0.8,1,NA,74,2
6,7,"Petal.Length",4.75,1,NA,74,3
0,0,NA,0,-1,"setosa",74,4
8,9,"Petal.Length",4.2,1,NA,74,5
10,11,"Petal.Width",0.7,1,NA,74,6
0,0,NA,0,-1,"virginica",74,7
0,0,NA,0,-1,"versicolor",74,8
12,13,"Sepal.Width",2.75,1,NA,74,9
0,0,NA,0,-1,"setosa",74,10
0,0,NA,0,-1,"versicolor",74,11
0,0,NA,0,-1,"virginica",74,12
0,0,NA,0,-1,"versicolor",74,13
2,3,"Petal.Length",2.5999999999999996,1,NA,75,1
0,0,NA,0,-1,"setosa",75,2
4,5,"Sepal.Length",5.95,1,NA,75,3
6,7,"Petal.Width",1.5499999999999998,1,NA,75,4
8,9,"Petal.Length",4.75,1,NA,75,5
0,0,NA,0,-1,"versicolor",75,6
10,11,"Sepal.Length",5.85,1,NA,75,7
0,0,NA,0,-1,"versicolor",75,8
12,13,"Petal.Width",1.75,1,NA,75,9
0,0,NA,0,-1,"virginica",75,10
0,0,NA,0,-1,"versicolor",75,11
14,15,"Sepal.Width",2.6500000000000004,1,NA,75,12
0,0,NA,0,-1,"virginica",75,13
0,0,NA,0,-1,"virginica",75,14
0,0,NA,0,-1,"versicolor",75,15
2,3,"Petal.Width",1.65,1,NA,76,1
4,5,"Petal.Length",2.45,1,NA,76,2
0,0,NA,0,-1,"virginica",76,3
0,0,NA,0,-1,"setosa",76,4
6,7,"Petal.Length",5.35,1,NA,76,5
8,9,"Sepal.Length",6.25,1,NA,76,6
0,0,NA,0,-1,"virginica",76,7
0,0,NA,0,-1,"versicolor",76,8
10,11,"Sepal.Width",2.8499999999999996,1,NA,76,9
12,13,"Petal.Length",5,1,NA,76,10
0,0,NA,0,-1,"versicolor",76,11
0,0,NA,0,-1,"versicolor",76,12
0,0,NA,0,-1,"virginica",76,13
2,3,"Petal.Width",0.75,1,NA,77,1
0,0,NA,0,-1,"setosa",77,2
4,5,"Petal.Length",5.05,1,NA,77,3
6,7,"Petal.Width",1.75,1,NA,77,4
0,0,NA,0,-1,"virginica",77,5
8,9,"Sepal.Width",2.25,1,NA,77,6
10,11,"Petal.Length",4.85,1,NA,77,7
12,13,"Petal.Width",1.25,1,NA,77,8
0,0,NA,0,-1,"versicolor",77,9
14,15,"Sepal.Length",6.050000000000001,1,NA,77,10
0,0,NA,0,-1,"virginica",77,11
0,0,NA,0,-1,"versicolor",77,12
0,0,NA,0,-1,"virginica",77,13
0,0,NA,0,-1,"versicolor",77,14
0,0,NA,0,-1,"virginica",77,15
2,3,"Petal.Width",0.8,1,NA,78,1
0,0,NA,0,-1,"setosa",78,2
4,5,"Petal.Length",4.95,1,NA,78,3
6,7,"Petal.Length",4.75,1,NA,78,4
8,9,"Sepal.Width",2.95,1,NA,78,5
10,11,"Petal.Width",1.65,1,NA,78,6
12,13,"Petal.Width",1.65,1,NA,78,7
0,0,NA,0,-1,"virginica",78,8
14,15,"Sepal.Width",3.05,1,NA,78,9
0,0,NA,0,-1,"versicolor",78,10
0,0,NA,0,-1,"virginica",78,11
0,0,NA,0,-1,"versicolor",78,12
16,17,"Sepal.Width",3.1,1,NA,78,13
18,19,"Sepal.Length",6.6,1,NA,78,14
0,0,NA,0,-1,"virginica",78,15
0,0,NA,0,-1,"virginica",78,16
0,0,NA,0,-1,"versicolor",78,17
0,0,NA,0,-1,"virginica",78,18
20,21,"Petal.Width",1.9,1,NA,78,19
0,0,NA,0,-1,"versicolor",78,20
0,0,NA,0,-1,"virginica",78,21
2,3,"Petal.Length",2.45,1,NA,79,1
0,0,NA,0,-1,"setosa",79,2
4,5,"Petal.Width",1.65,1,NA,79,3
6,7,"Sepal.Length",7,1,NA,79,4
0,0,NA,0,-1,"virginica",79,5
8,9,"Petal.Width",1.45,1,NA,79,6
0,0,NA,0,-1,"virginica",79,7
0,0,NA,0,-1,"versicolor",79,8
10,11,"Sepal.Width",2.8499999999999996,1,NA,79,9
12,13,"Petal.Length",5,1,NA,79,10
0,0,NA,0,-1,"versicolor",79,11
0,0,NA,0,-1,"versicolor",79,12
14,15,"Sepal.Width",2.75,1,NA,79,13
0,0,NA,0,-1,"versicolor",79,14
0,0,NA,0,-1,"virginica",79,15
2,3,"Petal.Width",0.8,1,NA,80,1
0,0,NA,0,-1,"setosa",80,2
4,5,"Petal.Width",1.75,1,NA,80,3
6,7,"Petal.Length",5.4,1,NA,80,4
0,0,NA,0,-1,"virginica",80,5
0,0,NA,0,-1,"versicolor",80,6
0,0,NA,0,-1,"virginica",80,7
2,3,"Petal.Width",0.8,1,NA,81,1
0,0,NA,0,-1,"setosa",81,2
4,5,"Petal.Width",1.65,1,NA,81,3
6,7,"Sepal.Length",7.1,1,NA,81,4
8,9,"Sepal.Length",5.95,1,NA,81,5
10,11,"Petal.Length",4.95,1,NA,81,6
0,0,NA,0,-1,"virginica",81,7
12,13,"Sepal.Width",3,1,NA,81,8
0,0,NA,0,-1,"virginica",81,9
0,0,NA,0,-1,"versicolor",81,10
0,0,NA,0,-1,"virginica",81,11
0,0,NA,0,-1,"virginica",81,12
0,0,NA,0,-1,"versicolor",81,13
2,3,"Petal.Length",2.45,1,NA,82,1
0,0,NA,0,-1,"setosa",82,2
4,5,"Sepal.Length",7.1,1,NA,82,3
6,7,"Sepal.Length",5.75,1,NA,82,4
0,0,NA,0,-1,"virginica",82,5
8,9,"Petal.Length",4.7,1,NA,82,6
10,11,"Sepal.Width",2.4,1,NA,82,7
12,13,"Petal.Width",1.6,1,NA,82,8
0,0,NA,0,-1,"virginica",82,9
0,0,NA,0,-1,"versicolor",82,10
14,15,"Petal.Width",1.75,1,NA,82,11
0,0,NA,0,-1,"versicolor",82,12
0,0,NA,0,-1,"virginica",82,13
16,17,"Petal.Length",5.05,1,NA,82,14
18,19,"Sepal.Length",5.95,1,NA,82,15
0,0,NA,0,-1,"versicolor",82,16
20,21,"Petal.Width",1.55,1,NA,82,17
22,23,"Sepal.Width",3,1,NA,82,18
0,0,NA,0,-1,"virginica",82,19
0,0,NA,0,-1,"virginica",82,20
0,0,NA,0,-1,"versicolor",82,21
0,0,NA,0,-1,"virginica",82,22
0,0,NA,0,-1,"versicolor",82,23
2,3,"Petal.Width",0.75,1,NA,83,1
0,0,NA,0,-1,"setosa",83,2
4,5,"Petal.Length",4.75,1,NA,83,3
0,0,NA,0,-1,"versicolor",83,4
6,7,"Petal.Width",1.45,1,NA,83,5
0,0,NA,0,-1,"versicolor",83,6
8,9,"Petal.Length",5.05,1,NA,83,7
10,11,"Sepal.Width",2.9,1,NA,83,8
0,0,NA,0,-1,"virginica",83,9
12,13,"Petal.Width",1.65,1,NA,83,10
0,0,NA,0,-1,"versicolor",83,11
14,15,"Sepal.Length",6.15,1,NA,83,12
0,0,NA,0,-1,"virginica",83,13
0,0,NA,0,-1,"virginica",83,14
0,0,NA,0,-1,"versicolor",83,15
2,3,"Petal.Length",2.45,1,NA,84,1
0,0,NA,0,-1,"setosa",84,2
4,5,"Petal.Length",4.800000000000001,1,NA,84,3
6,7,"Sepal.Width",2.55,1,NA,84,4
8,9,"Petal.Width",1.75,1,NA,84,5
10,11,"Petal.Width",1.6,1,NA,84,6
0,0,NA,0,-1,"versicolor",84,7
12,13,"Petal.Length",5.35,1,NA,84,8
0,0,NA,0,-1,"virginica",84,9
0,0,NA,0,-1,"versicolor",84,10
0,0,NA,0,-1,"virginica",84,11
14,15,"Sepal.Width",2.35,1,NA,84,12
0,0,NA,0,-1,"virginica",84,13
0,0,NA,0,-1,"virginica",84,14
0,0,NA,0,-1,"versicolor",84,15
2,3,"Petal.Width",0.8,1,NA,85,1
0,0,NA,0,-1,"setosa",85,2
4,5,"Petal.Width",1.65,1,NA,85,3
6,7,"Petal.Length",4.95,1,NA,85,4
8,9,"Petal.Width",1.85,1,NA,85,5
0,0,NA,0,-1,"versicolor",85,6
10,11,"Petal.Width",1.55,1,NA,85,7
12,13,"Sepal.Length",6.050000000000001,1,NA,85,8
0,0,NA,0,-1,"virginica",85,9
0,0,NA,0,-1,"virginica",85,10
0,0,NA,0,-1,"versicolor",85,11
14,15,"Sepal.Width",3.1,1,NA,85,12
0,0,NA,0,-1,"virginica",85,13
0,0,NA,0,-1,"virginica",85,14
0,0,NA,0,-1,"versicolor",85,15
2,3,"Petal.Width",0.75,1,NA,86,1
0,0,NA,0,-1,"setosa",86,2
4,5,"Petal.Width",1.75,1,NA,86,3
6,7,"Petal.Width",1.45,1,NA,86,4
8,9,"Petal.Length",4.85,1,NA,86,5
0,0,NA,0,-1,"versicolor",86,6
10,11,"Petal.Length",5.05,1,NA,86,7
12,13,"Sepal.Length",5.95,1,NA,86,8
0,0,NA,0,-1,"virginica",86,9
0,0,NA,0,-1,"versicolor",86,10
0,0,NA,0,-1,"virginica",86,11
0,0,NA,0,-1,"versicolor",86,12
0,0,NA,0,-1,"virginica",86,13
2,3,"Petal.Length",4.75,1,NA,87,1
4,5,"Petal.Width",0.8,1,NA,87,2
6,7,"Sepal.Width",2.8499999999999996,1,NA,87,3
0,0,NA,0,-1,"setosa",87,4
0,0,NA,0,-1,"versicolor",87,5
8,9,"Petal.Width",1.7000000000000002,1,NA,87,6
10,11,"Petal.Length",5,1,NA,87,7
12,13,"Petal.Length",4.95,1,NA,87,8
0,0,NA,0,-1,"virginica",87,9
14,15,"Sepal.Length",6.5,1,NA,87,10
0,0,NA,0,-1,"virginica",87,11
0,0,NA,0,-1,"versicolor",87,12
16,17,"Petal.Width",1.55,1,NA,87,13
0,0,NA,0,-1,"virginica",87,14
0,0,NA,0,-1,"versicolor",87,15
0,0,NA,0,-1,"virginica",87,16
0,0,NA,0,-1,"versicolor",87,17
2,3,"Sepal.Length",5.45,1,NA,88,1
4,5,"Sepal.Width",2.5999999999999996,1,NA,88,2
6,7,"Petal.Length",4.85,1,NA,88,3
8,9,"Sepal.Length",4.75,1,NA,88,4
10,11,"Petal.Width",1.05,1,NA,88,5
12,13,"Sepal.Width",3.5999999999999996,1,NA,88,6
14,15,"Petal.Width",1.75,1,NA,88,7
0,0,NA,0,-1,"setosa",88,8
0,0,NA,0,-1,"versicolor",88,9
0,0,NA,0,-1,"setosa",88,10
0,0,NA,0,-1,"versicolor",88,11
16,17,"Petal.Width",1.7000000000000002,1,NA,88,12
0,0,NA,0,-1,"setosa",88,13
18,19,"Petal.Length",5.35,1,NA,88,14
0,0,NA,0,-1,"virginica",88,15
0,0,NA,0,-1,"versicolor",88,16
20,21,"Sepal.Length",6.050000000000001,1,NA,88,17
0,0,NA,0,-1,"versicolor",88,18
0,0,NA,0,-1,"virginica",88,19
0,0,NA,0,-1,"versicolor",88,20
0,0,NA,0,-1,"virginica",88,21
2,3,"Petal.Length",2.45,1,NA,89,1
0,0,NA,0,-1,"setosa",89,2
4,5,"Sepal.Length",5.75,1,NA,89,3
6,7,"Petal.Length",4.7,1,NA,89,4
8,9,"Sepal.Length",6.85,1,NA,89,5
0,0,NA,0,-1,"versicolor",89,6
0,0,NA,0,-1,"virginica",89,7
10,11,"Petal.Width",1.75,1,NA,89,8
0,0,NA,0,-1,"virginica",89,9
0,0,NA,0,-1,"versicolor",89,10
12,13,"Petal.Length",4.85,1,NA,89,11
14,15,"Sepal.Length",5.95,1,NA,89,12
0,0,NA,0,-1,"virginica",89,13
0,0,NA,0,-1,"versicolor",89,14
0,0,NA,0,-1,"virginica",89,15
2,3,"Petal.Width",1.75,1,NA,90,1
4,5,"Sepal.Width",3.1500000000000004,1,NA,90,2
0,0,NA,0,-1,"virginica",90,3
6,7,"Petal.Length",2.25,1,NA,90,4
8,9,"Petal.Length",3.3,1,NA,90,5
0,0,NA,0,-1,"setosa",90,6
10,11,"Sepal.Length",6.05,1,NA,90,7
0,0,NA,0,-1,"setosa",90,8
0,0,NA,0,-1,"versicolor",90,9
0,0,NA,0,-1,"versicolor",90,10
12,13,"Sepal.Width",2.7,1,NA,90,11
14,15,"Petal.Length",5.05,1,NA,90,12
0,0,NA,0,-1,"versicolor",90,13
0,0,NA,0,-1,"versicolor",90,14
0,0,NA,0,-1,"virginica",90,15
2,3,"Petal.Width",0.8,1,NA,91,1
0,0,NA,0,-1,"setosa",91,2
4,5,"Petal.Length",4.75,1,NA,91,3
6,7,"Petal.Width",1.65,1,NA,91,4
8,9,"Sepal.Width",2.55,1,NA,91,5
0,0,NA,0,-1,"versicolor",91,6
0,0,NA,0,-1,"virginica",91,7
10,11,"Sepal.Width",2.35,1,NA,91,8
12,13,"Petal.Length",5.05,1,NA,91,9
0,0,NA,0,-1,"virginica",91,10
14,15,"Petal.Width",1.75,1,NA,91,11
16,17,"Sepal.Length",6.5,1,NA,91,12
0,0,NA,0,-1,"virginica",91,13
0,0,NA,0,-1,"versicolor",91,14
0,0,NA,0,-1,"virginica",91,15
0,0,NA,0,-1,"virginica",91,16
0,0,NA,0,-1,"versicolor",91,17
2,3,"Petal.Width",1.7000000000000002,1,NA,92,1
4,5,"Petal.Width",0.75,1,NA,92,2
6,7,"Sepal.Length",5.95,1,NA,92,3
0,0,NA,0,-1,"setosa",92,4
8,9,"Sepal.Length",7.1,1,NA,92,5
10,11,"Sepal.Length",5.85,1,NA,92,6
0,0,NA,0,-1,"virginica",92,7
12,13,"Petal.Length",4.95,1,NA,92,8
0,0,NA,0,-1,"virginica",92,9
0,0,NA,0,-1,"virginica",92,10
14,15,"Petal.Length",4.949999999999999,1,NA,92,11
0,0,NA,0,-1,"versicolor",92,12
16,17,"Petal.Width",1.55,1,NA,92,13
0,0,NA,0,-1,"versicolor",92,14
0,0,NA,0,-1,"virginica",92,15
0,0,NA,0,-1,"virginica",92,16
0,0,NA,0,-1,"versicolor",92,17
2,3,"Petal.Length",2.5999999999999996,1,NA,93,1
0,0,NA,0,-1,"setosa",93,2
4,5,"Petal.Width",1.75,1,NA,93,3
6,7,"Sepal.Length",7.1,1,NA,93,4
8,9,"Petal.Length",4.85,1,NA,93,5
10,11,"Petal.Width",1.35,1,NA,93,6
0,0,NA,0,-1,"virginica",93,7
12,13,"Sepal.Length",6.050000000000001,1,NA,93,8
0,0,NA,0,-1,"virginica",93,9
0,0,NA,0,-1,"versicolor",93,10
14,15,"Sepal.Width",2.6500000000000004,1,NA,93,11
0,0,NA,0,-1,"versicolor",93,12
0,0,NA,0,-1,"virginica",93,13
0,0,NA,0,-1,"virginica",93,14
16,17,"Sepal.Length",6.4,1,NA,93,15
18,19,"Petal.Length",4.9,1,NA,93,16
0,0,NA,0,-1,"versicolor",93,17
0,0,NA,0,-1,"versicolor",93,18
20,21,"Petal.Width",1.55,1,NA,93,19
0,0,NA,0,-1,"virginica",93,20
0,0,NA,0,-1,"versicolor",93,21
2,3,"Petal.Width",0.75,1,NA,94,1
0,0,NA,0,-1,"setosa",94,2
4,5,"Petal.Length",4.75,1,NA,94,3
6,7,"Sepal.Length",4.95,1,NA,94,4
8,9,"Petal.Width",1.75,1,NA,94,5
10,11,"Sepal.Width",2.45,1,NA,94,6
0,0,NA,0,-1,"versicolor",94,7
12,13,"Sepal.Length",6.95,1,NA,94,8
14,15,"Sepal.Length",5.95,1,NA,94,9
0,0,NA,0,-1,"versicolor",94,10
0,0,NA,0,-1,"virginica",94,11
0,0,NA,0,-1,"versicolor",94,12
0,0,NA,0,-1,"virginica",94,13
16,17,"Petal.Length",4.9,1,NA,94,14
0,0,NA,0,-1,"virginica",94,15
0,0,NA,0,-1,"versicolor",94,16
0,0,NA,0,-1,"virginica",94,17
2,3,"Petal.Length",2.5999999999999996,1,NA,95,1
0,0,NA,0,-1,"setosa",95,2
4,5,"Petal.Length",4.75,1,NA,95,3
6,7,"Petal.Width",1.65,1,NA,95,4
8,9,"Petal.Width",1.75,1,NA,95,5
0,0,NA,0,-1,"versicolor",95,6
0,0,NA,0,-1,"virginica",95,7
10,11,"Petal.Length",4.95,1,NA,95,8
0,0,NA,0,-1,"virginica",95,9
0,0,NA,0,-1,"versicolor",95,10
12,13,"Petal.Width",1.55,1,NA,95,11
0,0,NA,0,-1,"virginica",95,12
14,15,"Petal.Length",5.449999999999999,1,NA,95,13
0,0,NA,0,-1,"versicolor",95,14
0,0,NA,0,-1,"virginica",95,15
2,3,"Petal.Width",0.75,1,NA,96,1
0,0,NA,0,-1,"setosa",96,2
4,5,"Sepal.Length",6.35,1,NA,96,3
6,7,"Petal.Length",4.75,1,NA,96,4
8,9,"Petal.Length",5,1,NA,96,5
10,11,"Sepal.Width",2.55,1,NA,96,6
12,13,"Sepal.Width",3.1,1,NA,96,7
0,0,NA,0,-1,"versicolor",96,8
0,0,NA,0,-1,"virginica",96,9
14,15,"Petal.Width",1.5,1,NA,96,10
0,0,NA,0,-1,"versicolor",96,11
16,17,"Petal.Width",1.65,1,NA,96,12
18,19,"Sepal.Length",6.1,1,NA,96,13
0,0,NA,0,-1,"versicolor",96,14
0,0,NA,0,-1,"virginica",96,15
20,21,"Petal.Length",4.95,1,NA,96,16
0,0,NA,0,-1,"virginica",96,17
0,0,NA,0,-1,"versicolor",96,18
0,0,NA,0,-1,"virginica",96,19
0,0,NA,0,-1,"versicolor",96,20
0,0,NA,0,-1,"virginica",96,21
2,3,"Petal.Length",2.45,1,NA,97,1
0,0,NA,0,-1,"setosa",97,2
4,5,"Sepal.Length",6.35,1,NA,97,3
6,7,"Petal.Length",4.75,1,NA,97,4
8,9,"Petal.Width",1.55,1,NA,97,5
10,11,"Sepal.Width",2.55,1,NA,97,6
12,13,"Petal.Width",1.7000000000000002,1,NA,97,7
0,0,NA,0,-1,"versicolor",97,8
0,0,NA,0,-1,"virginica",97,9
14,15,"Sepal.Width",2.45,1,NA,97,10
0,0,NA,0,-1,"versicolor",97,11
0,0,NA,0,-1,"versicolor",97,12
16,17,"Petal.Width",1.85,1,NA,97,13
0,0,NA,0,-1,"versicolor",97,14
18,19,"Petal.Length",4.25,1,NA,97,15
20,21,"Sepal.Length",5.95,1,NA,97,16
0,0,NA,0,-1,"virginica",97,17
0,0,NA,0,-1,"versicolor",97,18
0,0,NA,0,-1,"virginica",97,19
0,0,NA,0,-1,"versicolor",97,20
0,0,NA,0,-1,"virginica",97,21
2,3,"Petal.Width",0.8,1,NA,98,1
0,0,NA,0,-1,"setosa",98,2
4,5,"Petal.Length",4.75,1,NA,98,3
6,7,"Sepal.Width",2.55,1,NA,98,4
8,9,"Petal.Width",1.75,1,NA,98,5
10,11,"Petal.Length",4.45,1,NA,98,6
0,0,NA,0,-1,"versicolor",98,7
12,13,"Petal.Length",4.95,1,NA,98,8
0,0,NA,0,-1,"virginica",98,9
0,0,NA,0,-1,"versicolor",98,10
14,15,"Petal.Width",1.6,1,NA,98,11
0,0,NA,0,-1,"versicolor",98,12
16,17,"Petal.Length",5.35,1,NA,98,13
0,0,NA,0,-1,"versicolor",98,14
0,0,NA,0,-1,"virginica",98,15
18,19,"Sepal.Width",2.9,1,NA,98,16
0,0,NA,0,-1,"virginica",98,17
20,21,"Sepal.Length",6.15,1,NA,98,18
0,0,NA,0,-1,"versicolor",98,19
22,23,"Sepal.Width",2.45,1,NA,98,20
0,0,NA,0,-1,"virginica",98,21
0,0,NA,0,-1,"virginica",98,22
0,0,NA,0,-1,"versicolor",98,23
2,3,"Sepal.Length",5.45,1,NA,99,1
4,5,"Petal.Width",0.75,1,NA,99,2
6,7,"Petal.Width",1.75,1,NA,99,3
0,0,NA,0,-1,"setosa",99,4
0,0,NA,0,-1,"versicolor",99,5
8,9,"Petal.Width",0.7,1,NA,99,6
0,0,NA,0,-1,"virginica",99,7
0,0,NA,0,-1,"setosa",99,8
10,11,"Sepal.Width",2.25,1,NA,99,9
0,0,NA,0,-1,"versicolor",99,10
12,13,"Petal.Length",5.05,1,NA,99,11
0,0,NA,0,-1,"versicolor",99,12
0,0,NA,0,-1,"virginica",99,13
2,3,"Petal.Width",0.8,1,NA,100,1
0,0,NA,0,-1,"setosa",100,2
4,5,"Petal.Width",1.75,1,NA,100,3
6,7,"Petal.Length",5.05,1,NA,100,4
0,0,NA,0,-1,"virginica",100,5
8,9,"Petal.Width",1.65,1,NA,100,6
0,0,NA,0,-1,"virginica",100,7
0,0,NA,0,-1,"versicolor",100,8
10,11,"Sepal.Width",2.75,1,NA,100,9
0,0,NA,0,-1,"virginica",100,10
0,0,NA,0,-1,"versicolor",100,11
