"left daughter","right daughter","split var","split point","status","prediction","tree_idx","node_idx"
2,3,"feat0",10.0,1,NA,1,1
0,0,NA,0,-1,"class1",1,2
0,0,NA,0,-1,"class0",1,3
2,3,"feat0",10.0,1,NA,2,1
0,0,NA,0,-1,"class0",2,2
0,0,NA,0,-1,"class1",2,3
2,3,"feat0",10.0,1,NA,3,1
0,0,NA,0,-1,"class1",3,2
0,0,NA,0,-1,"class0",3,3
2,3,"feat0",10.0,1,NA,4,1
0,0,NA,0,-1,"class0",4,2
0,0,NA,0,-1,"class1",4,3
2,3,"feat0",10.0,1,NA,5,1
0,0,NA,0,-1,"class1",5,2
0,0,NA,0,-1,"class0",5,3
2,3,"feat0",10.0,1,NA,6,1
0,0,NA,0,-1,"class0",6,2
0,0,NA,0,-1,"class1",6,3
2,3,"feat0",10.0,1,NA,7,1
0,0,NA,0,-1,"class1",7,2
0,0,NA,0,-1,"class0",7,3
2,3,"feat0",10.0,1,NA,8,1
0,0,NA,0,-1,"class0",8,2
0,0,NA,0,-1,"class1",8,3
2,3,"feat0",10.0,1,NA,9,1
0,0,NA,0,-1,"class1",9,2
0,0,NA,0,-1,"class0",9,3
2,3,"feat0",10.0,1,NA,10,1
0,0,NA,0,-1,"class0",10,2
0,0,NA,0,-1,"class1",10,3
2,3,"feat0",10.0,1,NA,11,1
0,0,NA,0,-1,"class1",11,2
0,0,NA,0,-1,"class0",11,3
2,3,"feat0",10.0,1,NA,12,1
0,0,NA,0,-1,"class0",12,2
0,0,NA,0,-1,"class1",12,3
2,3,"feat0",10.0,1,NA,13,1
0,0,NA,0,-1,"class1",13,2
0,0,NA,0,-1,"class0",13,3
2,3,"feat0",10.0,1,NA,14,1
0,0,NA,0,-1,"class0",14,2
0,0,NA,0,-1,"class1",14,3
2,3,"feat0",10.0,1,NA,15,1
0,0,NA,0,-1,"class1",15,2
0,0,NA,0,-1,"class0",15,3
2,3,"feat0",10.0,1,NA,16,1
0,0,NA,0,-1,"class0",16,2
0,0,NA,0,-1,"class1",16,3
2,3,"feat0",10.0,1,NA,17,1
0,0,NA,0,-1,"class1",17,2
0,0,NA,0,-1,"class0",17,3
2,3,"feat0",10.0,1,NA,18,1
0,0,NA,0,-1,"class0",18,2
0,0,NA,0,-1,"class1",18,3
2,3,"feat0",10.0,1,NA,19,1
0,0,NA,0,-1,"class1",19,2
0,0,NA,0,-1,"class0",19,3
2,3,"feat0",10.0,1,NA,20,1
0,0,NA,0,-1,"class0",20,2
0,0,NA,0,-1,"class1",20,3
2,3,"feat0",10.0,1,NA,21,1
0,0,NA,0,-1,"class1",21,2
0,0,NA,0,-1,"class0",21,3
2,3,"feat0",10.0,1,NA,22,1
0,0,NA,0,-1,"class0",22,2
0,0,NA,0,-1,"class1",22,3
2,3,"feat0",10.0,1,NA,23,1
0,0,NA,0,-1,"class1",23,2
0,0,NA,0,-1,"class0",23,3
2,3,"feat0",10.0,1,NA,24,1
0,0,NA,0,-1,"class0",24,2
0,0,NA,0,-1,"class1",24,3
2,3,"feat0",10.0,1,NA,25,1
0,0,NA,0,-1,"class1",25,2
0,0,NA,0,-1,"class0",25,3
2,3,"feat0",10.0,1,NA,26,1
0,0,NA,0,-1,"class0",26,2
0,0,NA,0,-1,"class1",26,3
2,3,"feat0",10.0,1,NA,27,1
0,0,NA,0,-1,"class1",27,2
0,0,NA,0,-1,"class0",27,3
2,3,"feat0",10.0,1,NA,28,1
0,0,NA,0,-1,"class0",28,2
0,0,NA,0,-1,"class1",28,3
2,3,"feat0",10.0,1,NA,29,1
0,0,NA,0,-1,"class1",29,2
0,0,NA,0,-1,"class0",29,3
2,3,"feat0",10.0,1,NA,30,1
0,0,NA,0,-1,"class0",30,2
0,0,NA,0,-1,"class1",30,3
2,3,"feat0",10.0,1,NA,31,1
0,0,NA,0,-1,"class1",31,2
0,0,NA,0,-1,"class0",31,3
2,3,"feat0",10.0,1,NA,32,1
0,0,NA,0,-1,"class0",32,2
0,0,NA,0,-1,"class1",32,3
2,3,"feat0",10.0,1,NA,33,1
0,0,NA,0,-1,"class1",33,2
0,0,NA,0,-1,"class0",33,3
2,3,"feat0",10.0,1,NA,34,1
0,0,NA,0,-1,"class0",34,2
0,0,NA,0,-1,"class1",34,3
2,3,"feat0",10.0,1,NA,35,1
0,0,NA,0,-1,"class1",35,2
0,0,NA,0,-1,"class0",35,3
2,3,"feat0",10.0,1,NA,36,1
0,0,NA,0,-1,"class0",36,2
0,0,NA,0,-1,"class1",36,3
2,3,"feat0",10.0,1,NA,37,1
0,0,NA,0,-1,"class1",37,2
0,0,NA,0,-1,"class0",37,3
2,3,"feat0",10.0,1,NA,38,1
0,0,NA,0,-1,"class0",38,2
0,0,NA,0,-1,"class1",38,3
2,3,"feat0",10.0,1,NA,39,1
0,0,NA,0,-1,"class1",39,2
0,0,NA,0,-1,"class0",39,3
2,3,"feat2",10.0,1,NA,40,1
0,0,NA,0,-1,"class2",40,2
0,0,NA,0,-1,"class2",40,3